Filepath,Width,Height,BandCount,Band1_Min,Band1_Max,Band1_Mean,Band1_StdDev,Band1_BlockMean,Band1_BandSumVariance,Band2_Min,Band2_Max,Band2_Mean,Band2_StdDev,Band2_BlockMean,Band2_BandSumVariance,Band3_Min,Band3_Max,Band3_Mean,Band3_StdDev,Band3_BlockMean,Band3_BandSumVariance,Band4_Min,Band4_Max,Band4_Mean,Band4_StdDev,Band4_BlockMean,Band4_BandSumVariance,Band5_Min,Band5_Max,Band5_Mean,Band5_StdDev,Band5_BlockMean,Band5_BandSumVariance,Band6_Min,Band6_Max,Band6_Mean,Band6_StdDev,Band6_BlockMean,Band6_BandSumVariance
./sentinel/dataset/chop_fire/tile_0_1_2.tif,512,512,6,0.096100,0.213400,0.126994,0.014676,0.126994,25.732317,0.070800,0.279000,0.109686,0.019333,0.109686,36.543605,0.049800,0.295900,0.103132,0.022857,0.103132,49.661852,0.032500,0.351800,0.106594,0.037043,0.106594,129.018567,0.036800,0.484300,0.189229,0.038278,0.189229,96.724091,0.021900,0.337600,0.147348,0.057191,0.147348,359.943019
./sentinel/dataset/chop_fire/tile_0_1_4.tif,512,512,6,0.000000,0.099300,0.023206,0.016182,0.023206,6.253759,0.000100,0.370600,0.038538,0.023324,0.038538,17.726839,0.003800,0.433000,0.108075,0.069847,0.108075,291.983138,0.000100,0.380100,0.063141,0.047673,0.063141,111.521865,0.008100,0.806000,0.269053,0.052030,0.269053,14.423780,0.003800,0.433000,0.108075,0.069847,0.108075,291.983138
./sentinel/dataset/chop_fire/tile_3_1_1.tif,512,512,6,0.129400,0.313800,0.203789,0.038419,0.203789,279.988690,0.095600,0.393000,0.171070,0.039926,0.171070,287.343684,0.069000,0.381600,0.140096,0.035247,0.140096,211.851990,0.043500,0.442800,0.109726,0.032874,0.109726,159.775227,0.042700,0.424400,0.207626,0.034659,0.207626,36.311132,0.014200,0.244700,0.065012,0.032640,0.065012,27.397936
./sentinel/dataset/chop_fire/tile_2_1_4.tif,512,512,6,0.019800,0.499100,0.122030,0.095361,0.122030,2074.143423,0.016500,0.876300,0.138013,0.101161,0.138013,2321.154659,0.008000,1.511000,0.201812,0.192319,0.201812,1292.319162,0.018700,1.214400,0.152450,0.086278,0.152450,1490.039121,0.027100,1.128200,0.253180,0.070711,0.253180,179.433437,0.008000,1.511000,0.201812,0.192319,0.201812,1292.319162
./sentinel/dataset/chop_fire/tile_0_1_1.tif,512,512,6,0.139500,0.195000,0.173387,0.011239,0.173387,11.573026,0.105600,0.305300,0.138301,0.011039,0.138301,9.576615,0.083300,0.307100,0.112175,0.010410,0.112175,5.148830,0.056900,0.322400,0.084107,0.012752,0.084107,5.806725,0.075600,0.385600,0.213506,0.038799,0.213506,27.206457,0.017000,0.283500,0.066739,0.033777,0.066739,18.381171
./sentinel/dataset/chop_fire/tile_3_0_1.tif,512,512,6,0.223000,0.337100,0.291538,0.019667,0.291538,30.889689,0.186400,0.330500,0.267212,0.024099,0.267212,44.909179,0.149300,0.299600,0.228951,0.024908,0.228951,47.175393,0.113400,0.276500,0.197855,0.027260,0.197855,66.250725,0.150800,0.265800,0.206264,0.013524,0.206264,8.636754,0.024300,0.310500,0.105792,0.045672,0.105792,294.421033
./sentinel/dataset/chop_fire/tile_2_1_2.tif,512,512,6,0.096100,0.274900,0.163046,0.039243,0.163046,58.111267,0.066300,0.270000,0.141815,0.041473,0.141815,53.371052,0.051100,0.246200,0.121761,0.036955,0.121761,29.994462,0.029800,0.254500,0.114273,0.035060,0.114273,19.931714,0.049900,0.300100,0.143357,0.035708,0.143357,59.392840,0.026500,1.444800,0.140087,0.054559,0.140087,62.162045
./sentinel/dataset/chop_fire/tile_2_1_3.tif,512,512,6,0.001900,0.344700,0.168232,0.098125,0.168232,495.335279,0.003600,0.377200,0.169497,0.097197,0.169497,477.635156,0.005800,0.341600,0.155399,0.085237,0.155399,372.330638,0.006600,0.290800,0.127673,0.072666,0.127673,267.195592,0.007700,0.424300,0.164651,0.052775,0.164651,232.961634,0.000000,1.702700,0.092389,0.151855,0.092389,360.132776
./sentinel/dataset/chop_fire/tile_0_0_1.tif,512,512,6,0.176300,0.218200,0.199340,0.010248,0.199340,25.343703,0.136900,0.238100,0.164109,0.011395,0.164109,29.137596,0.105800,0.225900,0.134631,0.011840,0.134631,26.636930,0.076000,0.246500,0.109433,0.019319,0.109433,45.728680,0.104700,0.393000,0.214206,0.031276,0.214206,26.723633,0.020800,0.280400,0.088237,0.048165,0.088237,108.137386
./sentinel/dataset/chop_fire/tile_0_0_4.tif,512,512,6,0.000000,0.320500,0.033777,0.032874,0.033777,49.755640,0.005100,0.489900,0.042393,0.032036,0.042393,32.072666,0.008300,0.494400,0.066941,0.047311,0.066941,101.783221,0.003000,0.542800,0.045332,0.032960,0.045332,12.325402,0.016600,0.699800,0.262261,0.062955,0.262261,50.394015,0.008300,0.494400,0.066941,0.047311,0.066941,101.783221
./sentinel/dataset/chop_fire/tile_1_1_3.tif,512,512,6,0.000000,0.217300,0.010796,0.022373,0.010796,26.599016,0.000100,0.212000,0.018755,0.020366,0.018755,17.280798,0.000100,0.186000,0.029499,0.017394,0.029499,9.943978,0.000100,0.159000,0.023230,0.016624,0.023230,3.441057,0.013500,0.490400,0.163284,0.038527,0.163284,64.242224,0.009400,0.215300,0.047219,0.020955,0.047219,7.501039
./sentinel/dataset/chop_fire/tile_3_1_4.tif,512,512,6,0.012500,0.366300,0.072995,0.051607,0.072995,93.859833,0.013400,0.400300,0.080426,0.055001,0.080426,92.133064,0.008900,1.510500,0.137131,0.161379,0.137131,224.329551,0.010200,0.377500,0.087573,0.051140,0.087573,43.464889,0.031100,0.575700,0.223505,0.047843,0.223505,66.878857,0.008900,1.510500,0.137131,0.161379,0.137131,224.329551
./sentinel/dataset/chop_fire/tile_1_0_4.tif,512,512,6,0.014300,0.492200,0.185092,0.086419,0.185092,424.360768,0.021300,0.592900,0.202679,0.094504,0.202679,528.644343,0.011300,0.438800,0.104073,0.045224,0.104073,70.494654,0.020200,0.622700,0.198937,0.096568,0.198937,544.900829,0.026600,0.596200,0.263836,0.041824,0.263836,46.556899,0.011300,0.438800,0.104073,0.045224,0.104073,70.494654
./sentinel/dataset/chop_fire/tile_1_0_2.tif,512,512,6,0.106800,0.281900,0.139729,0.010754,0.139729,0.987690,0.072200,0.541100,0.123102,0.016529,0.123102,1.710131,0.054300,0.565700,0.117440,0.019572,0.117440,2.609546,0.036300,0.615200,0.125657,0.031724,0.125657,5.902681,0.017000,0.671600,0.206552,0.071816,0.206552,57.304308,0.011900,0.476700,0.179307,0.042720,0.179307,16.336859
./sentinel/dataset/chop_fire/tile_2_0_1.tif,512,512,6,0.208500,0.322600,0.269102,0.030184,0.269102,75.824839,0.169300,0.318600,0.242586,0.035533,0.242586,117.601597,0.132700,0.294700,0.207907,0.035590,0.207907,122.095346,0.107500,0.283100,0.184451,0.034053,0.184451,102.709833,0.086000,0.310200,0.184594,0.033750,0.184594,57.096016,0.015100,1.506500,0.154055,0.122639,0.154055,597.815349
./sentinel/dataset/chop_fire/tile_2_0_3.tif,512,512,6,0.002200,0.444400,0.152521,0.115740,0.152521,679.084021,0.002600,0.520800,0.167254,0.124502,0.167254,733.139354,0.004200,0.553600,0.166711,0.121622,0.166711,669.255903,0.001800,0.564000,0.151427,0.118939,0.151427,627.117152,0.051000,0.539600,0.213748,0.067097,0.213748,222.217123,0.005200,1.733000,0.127415,0.241359,0.127415,2082.310232
./sentinel/dataset/chop_fire/tile_1_0_3.tif,512,512,6,0.002900,0.386100,0.177544,0.097545,0.177544,874.213157,0.000100,0.446800,0.196571,0.110369,0.196571,1267.201208,0.001600,0.451600,0.199732,0.111655,0.199732,1388.967581,0.000500,0.454400,0.180556,0.112371,0.180556,1466.839722,0.035900,0.441700,0.254179,0.051892,0.254179,215.732936,0.009700,0.168000,0.043435,0.014337,0.043435,5.342035
./sentinel/dataset/chop_fire/tile_2_1_1.tif,512,512,6,0.124300,0.312100,0.212171,0.054787,0.212171,691.441263,0.092100,0.403300,0.182276,0.058341,0.182276,774.130020,0.070100,0.448200,0.152008,0.052931,0.152008,632.346821,0.043400,0.480500,0.125888,0.050677,0.125888,545.601997,0.039200,0.451200,0.173176,0.039700,0.173176,129.754474,0.000000,1.498100,0.098974,0.086050,0.098974,77.005772
./sentinel/dataset/chop_fire/tile_1_1_4.tif,512,512,6,0.008600,0.295400,0.060215,0.034650,0.060215,67.634521,0.016200,0.451800,0.077678,0.035575,0.077678,52.245021,0.006900,0.707900,0.172706,0.062616,0.172706,49.034052,0.017800,0.495000,0.116629,0.048965,0.116629,32.454383,0.023900,0.633600,0.258082,0.058703,0.258082,17.507119,0.006900,0.707900,0.172706,0.062616,0.172706,49.034052
./sentinel/dataset/chop_fire/tile_2_0_5.tif,512,512,6,0.000000,0.430000,0.084301,0.104073,0.084301,721.593685,0.000000,0.456700,0.093754,0.106579,0.093754,707.830008,0.000000,0.426800,0.100384,0.096719,0.100384,534.995632,0.001700,0.407500,0.097607,0.086079,0.097607,422.532156,0.002000,0.439100,0.168950,0.051054,0.168950,73.726291,0.008000,1.729000,0.184981,0.292125,0.184981,7073.112551
./sentinel/dataset/chop_fire/tile_0_0_2.tif,512,512,6,0.104700,0.237700,0.140019,0.012818,0.140019,4.524428,0.076100,0.495600,0.126170,0.019051,0.126170,9.162422,0.059500,0.530300,0.124287,0.024420,0.124287,16.294022,0.040800,0.612300,0.139858,0.041109,0.139858,41.010090,0.029300,0.672700,0.228868,0.066778,0.228868,148.176889,0.027800,0.607800,0.200935,0.053939,0.200935,85.443075
./sentinel/dataset/chop_fire/tile_3_0_2.tif,512,512,6,0.095200,0.177200,0.144854,0.016287,0.144854,3.033901,0.069100,0.184300,0.122680,0.015782,0.122680,2.563854,0.050200,0.186200,0.104084,0.013800,0.104084,2.379069,0.030100,0.204000,0.093155,0.016514,0.093155,2.956926,0.093000,0.372800,0.175211,0.018385,0.175211,7.535466,0.025400,0.262200,0.106653,0.037844,0.106653,14.875020
./sentinel/dataset/chop_fire/tile_0_0_3.tif,512,512,6,0.000100,0.352300,0.029887,0.046874,0.029887,270.600480,0.000100,0.374600,0.034463,0.048713,0.034463,270.705964,0.000100,0.342000,0.041634,0.043699,0.041634,202.275006,0.000100,0.306000,0.029665,0.038286,0.029665,144.715065,0.010600,0.567100,0.204414,0.055936,0.204414,87.923066,0.001300,0.232400,0.035430,0.020343,0.035430,7.118322
./sentinel/dataset/chop_fire/tile_1_0_5.tif,512,512,6,0.000000,0.521000,0.253364,0.070240,0.253364,310.649308,0.000000,0.574400,0.273524,0.078565,0.273524,369.850837,0.000000,0.570300,0.271337,0.076539,0.271337,387.265018,0.000000,0.535000,0.257235,0.073693,0.257235,427.201627,0.013600,0.488600,0.257775,0.062916,0.257775,176.527028,0.026600,1.681700,0.187094,0.248128,0.187094,2988.078739
./sentinel/dataset/chop_fire/tile_2_0_2.tif,512,512,6,0.120300,0.201900,0.162644,0.012906,0.162644,23.773947,0.093200,0.366300,0.141417,0.013447,0.141417,18.379191,0.078600,0.367900,0.124962,0.012177,0.124962,7.250330,0.051100,0.415800,0.125478,0.018053,0.125478,4.295270,0.057900,0.537500,0.169946,0.040543,0.169946,72.255053,0.032000,0.747100,0.161472,0.029069,0.161472,24.251614
./sentinel/dataset/chop_fire/tile_3_1_3.tif,512,512,6,0.000000,0.402300,0.065098,0.106012,0.065098,760.605250,0.000100,0.435200,0.073747,0.104028,0.073747,739.710921,0.000100,0.396800,0.077046,0.089487,0.077046,559.964211,0.000100,0.332200,0.067082,0.074923,0.067082,371.979739,0.025200,0.359800,0.159704,0.032222,0.159704,61.684067,0.000000,1.634200,0.084103,0.112158,0.084103,112.886613
./sentinel/dataset/chop_fire/tile_0_0_5.tif,512,512,6,0.106600,0.386800,0.219755,0.050779,0.219755,279.691837,0.112900,0.399100,0.232626,0.053719,0.232626,360.816959,0.120100,0.379000,0.228252,0.048602,0.228252,331.825189,0.112300,0.337500,0.216856,0.039009,0.216856,250.936021,0.129200,0.391400,0.269071,0.026045,0.269071,75.222193,0.048700,0.309600,0.181319,0.043709,0.181319,89.166823
./sentinel/dataset/chop_fire/tile_1_1_1.tif,512,512,6,0.166900,0.213000,0.184180,0.007530,0.184180,11.606047,0.130000,0.230500,0.150891,0.008822,0.150891,10.888927,0.102900,0.239700,0.126257,0.009797,0.126257,5.265036,0.074200,0.285100,0.106801,0.017561,0.106801,10.653403,0.075700,0.414100,0.199551,0.050488,0.199551,107.020464,0.000000,1.534800,0.108498,0.044270,0.108498,30.427066
./sentinel/dataset/chop_fire/tile_1_0_1.tif,512,512,6,0.187400,0.242100,0.204519,0.006714,0.204519,5.388904,0.149200,0.290000,0.171408,0.008041,0.171408,4.575944,0.119400,0.301900,0.142341,0.009892,0.142341,2.412456,0.089200,0.373000,0.127959,0.016968,0.127959,2.535025,0.076500,0.458500,0.167346,0.050816,0.167346,5.410562,0.003800,1.460300,0.151080,0.093130,0.151080,107.041563
./sentinel/dataset/chop_fire/tile_1_1_2.tif,512,512,6,0.098500,0.306700,0.129429,0.012007,0.129429,8.808286,0.061100,0.836700,0.112249,0.018494,0.112249,13.093863,0.040800,0.900100,0.107322,0.020873,0.107322,15.928652,0.025500,1.036000,0.112816,0.035188,0.112816,44.836149,0.016800,1.140700,0.218055,0.056942,0.218055,84.042696,0.015200,1.219300,0.160879,0.052801,0.160879,127.792343
./sentinel/dataset/chop_fire/tile_3_1_2.tif,512,512,6,0.087700,0.555400,0.146467,0.046731,0.146467,3.563371,0.061600,0.647900,0.127584,0.049537,0.127584,6.663202,0.044800,0.657300,0.110663,0.045814,0.110663,14.425086,0.026900,0.707900,0.103363,0.047569,0.103363,50.516240,0.042400,0.627100,0.171357,0.030783,0.171357,16.890879,0.008700,1.418400,0.101219,0.037739,0.101219,48.559505
./sentinel/dataset/chop_fire/tile_3_0_4.tif,512,512,6,0.010400,0.310100,0.035769,0.020925,0.035769,14.556845,0.011800,0.392200,0.042739,0.022944,0.042739,13.308404,0.011400,0.706200,0.089115,0.050919,0.089115,40.349897,0.009600,0.534700,0.054415,0.032889,0.054415,13.676038,0.030600,0.574100,0.226345,0.042589,0.226345,27.185154,0.011400,0.706200,0.089115,0.050919,0.089115,40.349897
./sentinel/dataset/chop_fire/tile_0_1_3.tif,512,512,6,0.000000,0.067300,0.006342,0.005572,0.006342,0.972780,0.000100,0.178400,0.013303,0.010083,0.013303,1.107199,0.000100,0.221200,0.025036,0.014273,0.025036,1.651154,0.000100,0.264200,0.019938,0.018595,0.019938,3.869865,0.020100,0.724800,0.184123,0.060461,0.184123,26.287665,0.005900,0.264200,0.046432,0.032890,0.046432,19.118828
./sentinel/dataset/chop_fire/tile_3_0_3.tif,512,512,6,0.000000,0.036300,0.006318,0.004682,0.006318,0.316726,0.000100,0.128600,0.016520,0.007855,0.016520,0.656466,0.000100,0.137200,0.027935,0.009282,0.027935,0.797125,0.000100,0.164200,0.025901,0.013664,0.025901,2.096067,0.040200,0.424900,0.153269,0.027333,0.153269,10.382724,0.011200,0.228700,0.057954,0.025558,0.057954,10.170607
./sentinel/dataset/chop_fire/tile_2_0_4.tif,512,512,6,0.023400,0.539800,0.191275,0.104565,0.191275,484.985583,0.024700,0.670200,0.210398,0.116613,0.210398,604.136009,0.008500,1.511100,0.125386,0.112703,0.125386,286.389619,0.019400,0.723100,0.207397,0.114685,0.207397,649.314703,0.045200,0.681800,0.258507,0.057352,0.258507,47.835183,0.008500,1.511100,0.125386,0.112703,0.125386,286.389619
./sentinel/dataset/chop_no_firee/tile_0_1_2.tif,512,512,6,0.115700,0.164300,0.137064,0.008086,0.137064,2.344661,0.082600,0.187500,0.108440,0.011533,0.108440,2.881245,0.057000,0.199700,0.095684,0.014423,0.095684,3.183541,0.036500,0.227600,0.078952,0.022596,0.078952,7.216888,0.033800,0.393100,0.210518,0.038202,0.210518,15.730113,0.004600,0.281300,0.105672,0.046240,0.105672,34.621800
./sentinel/dataset/chop_no_firee/tile_3_1_1.tif,512,512,6,0.138100,0.170400,0.154033,0.006062,0.154033,5.110639,0.102000,0.161200,0.121084,0.007217,0.121084,5.572542,0.081100,0.156600,0.102168,0.008011,0.102168,5.465932,0.054300,0.170700,0.080267,0.014885,0.080267,13.087117,0.069300,0.378700,0.202284,0.023605,0.202284,11.825377,0.028000,0.263400,0.084623,0.035952,0.084623,64.619290
./sentinel/dataset/chop_no_firee/tile_2_1_7.tif,512,512,6,0.009400,0.721300,0.097680,0.071200,0.097680,148.787835,0.006100,0.840000,0.105012,0.076318,0.105012,175.430082,0.010000,0.818400,0.108265,0.071128,0.108265,160.774640,0.005200,0.747200,0.103513,0.066229,0.103513,116.317279,0.010000,0.761600,0.171092,0.058838,0.171092,150.036035,0.000000,1.511500,0.130591,0.072896,0.130591,232.727659
./sentinel/dataset/chop_no_firee/tile_0_1_1.tif,512,512,6,0.123000,0.169100,0.143797,0.008007,0.143797,4.353506,0.092300,0.180900,0.114061,0.008848,0.114061,4.531150,0.071500,0.158000,0.095380,0.010622,0.095380,5.003345,0.047100,0.184600,0.073202,0.017236,0.073202,10.147809,0.077100,0.412900,0.201190,0.040159,0.201190,14.832017,0.021100,0.246300,0.073420,0.039779,0.073420,48.862805
./sentinel/dataset/chop_no_firee/tile_1_0_6.tif,512,512,6,0.104900,0.872400,0.138772,0.057958,0.138772,120.428002,0.075900,0.967400,0.108384,0.063070,0.108384,137.488635,0.055200,0.977400,0.101957,0.063120,0.101957,134.301536,0.031800,1.042800,0.067598,0.072911,0.067598,174.012064,0.027700,1.102900,0.315769,0.079357,0.315769,149.525419,0.002800,0.608400,0.079981,0.054328,0.079981,70.419932
./sentinel/dataset/chop_no_firee/tile_3_0_6.tif,512,512,6,0.100000,1.061000,0.212429,0.171466,0.212429,1487.606620,0.074800,1.176800,0.188514,0.184998,0.188514,1630.878593,0.047800,1.201600,0.178222,0.185047,0.178222,1541.201429,0.027200,1.329400,0.161745,0.207271,0.161745,1810.788690,0.024900,1.322500,0.307905,0.195630,0.307905,2223.380282,0.000600,0.629800,0.108263,0.115245,0.108263,629.629566
./sentinel/dataset/chop_no_firee/tile_1_1_6.tif,512,512,6,0.122400,0.914800,0.158046,0.075362,0.158046,110.301305,0.087900,1.022500,0.131046,0.083000,0.131046,119.032478,0.061800,1.043000,0.125247,0.084046,0.125247,109.778463,0.037100,1.128500,0.102228,0.099561,0.102228,150.156305,0.036900,1.181500,0.264503,0.137627,0.264503,738.274602,0.000600,0.607900,0.082725,0.083281,0.082725,96.493408
./sentinel/dataset/chop_no_firee/tile_2_0_6.tif,512,512,6,0.114300,0.815800,0.134898,0.039828,0.134898,31.296411,0.081100,0.906100,0.105382,0.044668,0.105382,37.602793,0.058200,0.910200,0.098629,0.045551,0.098629,36.347273,0.033900,0.988400,0.066210,0.053940,0.066210,53.487791,0.030800,1.046200,0.295455,0.084804,0.295455,70.557354,0.002300,0.540300,0.074693,0.045142,0.074693,29.686546
./sentinel/dataset/chop_no_firee/tile_3_0_1.tif,512,512,6,0.134800,0.184400,0.153748,0.007464,0.153748,1.287355,0.098500,0.209900,0.121413,0.009684,0.121413,1.654237,0.076300,0.197400,0.103857,0.011194,0.103857,2.475688,0.050700,0.217200,0.084354,0.019772,0.084354,5.699024,0.065500,0.448700,0.203591,0.033727,0.203591,10.714490,0.016200,0.266800,0.095084,0.041234,0.095084,28.250981
./sentinel/dataset/chop_no_firee/tile_2_1_2.tif,512,512,6,0.112300,0.167100,0.125613,0.006252,0.125613,0.236538,0.080600,0.291300,0.098337,0.008850,0.098337,0.425459,0.056300,0.306100,0.086297,0.012468,0.086297,0.996720,0.035000,0.348200,0.065545,0.019439,0.065545,2.580818,0.033000,0.572200,0.229840,0.057057,0.229840,55.554820,0.003200,0.998100,0.083424,0.041027,0.083424,14.140142
./sentinel/dataset/chop_no_firee/tile_2_1_3.tif,512,512,6,0.123800,0.223800,0.152567,0.018756,0.152567,35.518362,0.092500,0.202700,0.121797,0.018335,0.121797,29.035926,0.064900,0.237400,0.101204,0.017029,0.101204,17.882332,0.042800,0.209700,0.076938,0.019136,0.076938,16.160061,0.039600,0.425500,0.195130,0.040609,0.195130,32.644081,0.005300,0.294100,0.066951,0.036167,0.066951,40.927128
./sentinel/dataset/chop_no_firee/tile_0_0_1.tif,512,512,6,0.128500,0.190000,0.155986,0.010467,0.155986,14.345889,0.095600,0.161500,0.125155,0.010885,0.125155,10.946395,0.073500,0.146900,0.104900,0.011935,0.104900,6.711048,0.048900,0.163500,0.082827,0.018315,0.082827,6.636734,0.079400,0.427800,0.202846,0.033004,0.202846,23.851767,0.021400,0.236700,0.082236,0.042875,0.082236,32.696337
./sentinel/dataset/chop_no_firee/tile_1_1_3.tif,512,512,6,0.127000,0.214400,0.162695,0.011498,0.162695,21.650324,0.096800,0.227100,0.133249,0.012150,0.133249,19.464121,0.076200,0.200300,0.114081,0.013103,0.114081,15.518540,0.051300,0.189600,0.092933,0.018946,0.092933,19.748364,0.059200,0.472600,0.226373,0.044981,0.226373,69.033878,0.006000,0.276300,0.099176,0.043839,0.099176,58.757748
./sentinel/dataset/chop_no_firee/tile_3_0_7.tif,512,512,6,0.005300,0.608700,0.147999,0.090247,0.147999,604.495457,0.002500,0.926500,0.150831,0.103834,0.150831,689.522733,0.006800,0.965900,0.145235,0.102850,0.145235,638.422551,0.005900,0.978800,0.126899,0.100771,0.126899,574.676037,0.021600,1.593700,0.194152,0.082017,0.194152,315.304459,0.000000,1.691400,0.225714,0.360919,0.225714,5648.055269
./sentinel/dataset/chop_no_firee/tile_3_1_7.tif,512,512,6,0.024800,0.553900,0.095827,0.046220,0.095827,134.371207,0.016100,0.592600,0.101897,0.046378,0.101897,116.345835,0.019800,0.571700,0.106101,0.042164,0.106101,84.277297,0.016300,0.572700,0.114042,0.044974,0.114042,88.703141,0.017600,0.592600,0.150617,0.045040,0.150617,49.262650,0.000000,1.632100,0.191927,0.100117,0.191927,246.524368
./sentinel/dataset/chop_no_firee/tile_1_0_2.tif,512,512,6,0.128100,0.172800,0.142813,0.005995,0.142813,0.350039,0.093700,0.205700,0.113524,0.009133,0.113524,0.423799,0.067500,0.216800,0.098863,0.011747,0.098863,0.607451,0.044500,0.254400,0.081320,0.019121,0.081320,1.429535,0.040300,0.458800,0.211887,0.039117,0.211887,18.953075,0.005400,0.272300,0.106256,0.042204,0.106256,8.269983
./sentinel/dataset/chop_no_firee/tile_3_1_6.tif,512,512,6,0.105600,0.949600,0.155526,0.079637,0.155526,503.550991,0.079200,1.083200,0.128345,0.087314,0.128345,575.688018,0.053700,1.095700,0.120631,0.088157,0.120631,564.551066,0.031000,1.206300,0.095463,0.102757,0.095463,741.633096,0.030600,1.245700,0.285085,0.116127,0.285085,467.201401,0.000900,0.541900,0.088515,0.075511,0.088515,282.233575
./sentinel/dataset/chop_no_firee/tile_2_0_1.tif,512,512,6,0.119500,0.159800,0.138074,0.005879,0.138074,2.048990,0.087200,0.150800,0.108266,0.007406,0.108266,1.853073,0.070400,0.150500,0.092079,0.009103,0.092079,1.994200,0.044300,0.173900,0.069188,0.015055,0.069188,5.082608,0.080100,0.454500,0.198895,0.029119,0.198895,9.454109,0.022300,0.226500,0.075882,0.034397,0.075882,45.245449
./sentinel/dataset/chop_no_firee/tile_2_0_3.tif,512,512,6,0.163800,0.259200,0.198642,0.016819,0.198642,18.334535,0.127800,0.235500,0.165679,0.016327,0.165679,16.916423,0.101700,0.205600,0.138192,0.014263,0.138192,12.772332,0.072700,0.181600,0.110335,0.015399,0.110335,9.677072,0.064700,0.391100,0.223633,0.041515,0.223633,64.060391,0.007400,0.249700,0.084740,0.036663,0.084740,20.661845
./sentinel/dataset/chop_no_firee/tile_1_0_3.tif,512,512,6,0.143600,0.213400,0.162347,0.009250,0.162347,1.052201,0.108200,0.231200,0.131847,0.010261,0.131847,1.125057,0.084900,0.205800,0.111640,0.011562,0.111640,2.305926,0.058900,0.199800,0.089695,0.017634,0.089695,5.496891,0.053200,0.416300,0.210096,0.048391,0.210096,60.043433,0.001100,0.266900,0.094577,0.045882,0.094577,41.093532
./sentinel/dataset/chop_no_firee/tile_2_1_1.tif,512,512,6,0.115800,0.162100,0.140130,0.007984,0.140130,4.401578,0.083700,0.155200,0.110050,0.008205,0.110050,3.224290,0.065200,0.157200,0.093676,0.009206,0.093676,2.205485,0.041000,0.177700,0.071482,0.015032,0.071482,3.391703,0.070200,0.428000,0.204169,0.033942,0.204169,14.027563,0.025400,0.245900,0.082420,0.034484,0.082420,24.427808
./sentinel/dataset/chop_no_firee/tile_2_0_5.tif,512,512,6,0.119200,0.433900,0.135716,0.022086,0.135716,17.683985,0.084700,0.443900,0.107739,0.026390,0.107739,22.063042,0.063800,0.444700,0.103739,0.027390,0.103739,21.827299,0.036400,0.462000,0.075484,0.036379,0.075484,32.821243,0.077900,0.574800,0.305591,0.046838,0.305591,34.428800,0.010300,0.498500,0.135297,0.068324,0.135297,114.009449
./sentinel/dataset/chop_no_firee/tile_0_0_7.tif,512,512,6,0.170400,1.269400,0.373873,0.085783,0.373873,686.606003,0.183600,1.903300,0.446234,0.110839,0.446234,1120.260930,0.183300,1.905900,0.484575,0.123700,0.484575,1555.192668,0.152700,1.840900,0.494039,0.134681,0.494039,2244.094713,0.194700,1.782700,0.472758,0.120599,0.472758,1609.417968,0.020000,1.686200,0.131801,0.092222,0.131801,391.377975
./sentinel/dataset/chop_no_firee/tile_0_0_2.tif,512,512,6,0.128100,0.173300,0.147762,0.008088,0.147762,2.181549,0.093300,0.213900,0.117987,0.010777,0.117987,3.371200,0.067500,0.221700,0.102297,0.013454,0.102297,4.631600,0.045400,0.261200,0.085698,0.020771,0.085698,10.602106,0.043600,0.426400,0.202381,0.035660,0.202381,16.320075,0.005900,0.288600,0.113691,0.046973,0.113691,72.867099
./sentinel/dataset/chop_no_firee/tile_0_1_7.tif,512,512,6,0.241600,1.524700,0.431204,0.124413,0.431204,492.671123,0.284000,1.669200,0.516148,0.152266,0.516148,754.870915,0.297800,1.616500,0.559005,0.163187,0.559005,971.488099,0.289600,1.610300,0.565074,0.167520,0.565074,1213.100474,0.242000,1.551000,0.515079,0.149556,0.515079,991.826328,0.007800,1.576800,0.175921,0.059691,0.175921,181.084631
./sentinel/dataset/chop_no_firee/tile_3_0_2.tif,512,512,6,0.112100,0.161200,0.131924,0.008860,0.131924,3.742688,0.080900,0.168600,0.105814,0.011681,0.105814,4.111797,0.054800,0.175400,0.093603,0.014662,0.093603,4.996983,0.035100,0.191700,0.074510,0.021678,0.074510,8.202460,0.031700,0.467000,0.226844,0.053535,0.226844,60.681444,0.003000,0.281500,0.095966,0.044682,0.095966,33.467029
./sentinel/dataset/chop_no_firee/tile_2_0_7.tif,512,512,6,0.006200,0.582700,0.185198,0.085063,0.185198,736.460310,0.001200,0.630000,0.203405,0.104530,0.203405,1162.152803,0.006100,0.663100,0.207882,0.113406,0.207882,1515.047360,0.006000,0.966700,0.208746,0.126807,0.208746,1962.149857,0.010000,1.636600,0.235292,0.124224,0.235292,1588.263678,0.004200,1.607800,0.263544,0.335406,0.263544,5981.904382
./sentinel/dataset/chop_no_firee/tile_0_0_3.tif,512,512,6,0.140900,0.196700,0.155579,0.009103,0.155579,14.337569,0.105800,0.221800,0.124208,0.011065,0.124208,17.226346,0.082600,0.244000,0.106005,0.012698,0.106005,16.318715,0.056200,0.272200,0.084337,0.020064,0.084337,35.106696,0.060000,0.505400,0.228109,0.040023,0.228109,9.102881,0.005900,0.285500,0.089204,0.042128,0.089204,86.455110
./sentinel/dataset/chop_no_firee/tile_1_1_7.tif,512,512,6,0.077600,1.058800,0.369251,0.101237,0.369251,257.540516,0.079600,1.331200,0.433545,0.128843,0.433545,361.070288,0.078300,1.460000,0.458371,0.143336,0.458371,396.192820,0.072000,1.492800,0.453726,0.152150,0.453726,370.099569,0.079400,1.313600,0.417857,0.132790,0.417857,257.980779,0.000000,1.639100,0.157861,0.093904,0.157861,85.178519
./sentinel/dataset/chop_no_firee/tile_1_0_5.tif,512,512,6,0.127100,0.180700,0.144782,0.008864,0.144782,0.291385,0.093500,0.193000,0.120325,0.013657,0.120325,0.566367,0.080300,0.205000,0.117978,0.015767,0.117978,0.576832,0.049500,0.239700,0.106984,0.029962,0.106984,4.148498,0.106100,0.465400,0.274968,0.038168,0.274968,9.356271,0.013400,0.355600,0.195629,0.061118,0.195629,19.363905
./sentinel/dataset/chop_no_firee/tile_2_0_2.tif,512,512,6,0.115300,0.169100,0.135832,0.007965,0.135832,6.390283,0.084100,0.252600,0.107335,0.009712,0.107335,5.575695,0.063400,0.255600,0.093860,0.012183,0.093860,4.828961,0.041100,0.266800,0.073252,0.018789,0.073252,6.062116,0.039600,0.523600,0.226681,0.056738,0.226681,55.561591,0.003300,0.285000,0.089820,0.041954,0.089820,17.090271
./sentinel/dataset/chop_no_firee/tile_3_1_3.tif,512,512,6,0.140900,0.238800,0.190950,0.022756,0.190950,8.400330,0.106400,0.261600,0.161114,0.024853,0.161114,9.175679,0.083500,0.258000,0.139212,0.025380,0.139212,9.056515,0.058200,0.290900,0.119622,0.033528,0.119622,17.187429,0.060100,0.460600,0.232433,0.040268,0.232433,11.315145,0.012200,0.435900,0.115621,0.057139,0.115621,49.763171
./sentinel/dataset/chop_no_firee/tile_0_0_6.tif,512,512,6,0.115800,0.784000,0.154373,0.070836,0.154373,148.805458,0.084600,0.848400,0.126622,0.077636,0.126622,155.674286,0.062100,0.873900,0.120849,0.077618,0.120849,148.137658,0.035300,0.970700,0.096515,0.090868,0.096515,177.545142,0.043500,1.002400,0.309507,0.085152,0.309507,300.877889,0.003100,0.633700,0.136771,0.091121,0.136771,208.664071
./sentinel/dataset/chop_no_firee/tile_0_0_5.tif,512,512,6,0.127400,0.489400,0.141482,0.020375,0.141482,13.920768,0.093000,0.516300,0.112978,0.023648,0.112978,17.195207,0.072300,0.516400,0.106020,0.024316,0.106020,14.668713,0.044200,0.545400,0.085691,0.034684,0.085691,49.505197,0.065400,0.612300,0.266329,0.077642,0.266329,816.923536,0.012300,0.481300,0.116630,0.075224,0.116630,130.338262
./sentinel/dataset/chop_no_firee/tile_1_1_1.tif,512,512,6,0.115900,0.157100,0.138530,0.007449,0.138530,4.819824,0.085200,0.157700,0.108676,0.007861,0.108676,4.232758,0.067000,0.152000,0.089520,0.008800,0.089520,4.307408,0.041100,0.169800,0.065839,0.013575,0.065839,5.014902,0.096900,0.393300,0.186892,0.028728,0.186892,27.605805,0.022600,0.245500,0.061183,0.032048,0.061183,14.908456
./sentinel/dataset/chop_no_firee/tile_1_0_1.tif,512,512,6,0.131500,0.185600,0.161310,0.011192,0.161310,18.826736,0.098900,0.160700,0.129674,0.011050,0.129674,16.913378,0.076500,0.153600,0.107737,0.010331,0.107737,11.994452,0.050700,0.170300,0.083787,0.015237,0.083787,15.584887,0.085500,0.392600,0.198154,0.021937,0.198154,7.055431,0.019400,0.223100,0.074549,0.035265,0.074549,37.814751
./sentinel/dataset/chop_no_firee/tile_1_1_2.tif,512,512,6,0.121500,0.189300,0.140961,0.006383,0.140961,0.377929,0.086200,0.259800,0.111271,0.009038,0.111271,0.639161,0.067500,0.302100,0.096960,0.011065,0.096960,1.027011,0.042500,0.372800,0.078151,0.018439,0.078151,2.444766,0.040800,0.634500,0.213535,0.035327,0.213535,14.712154,0.006300,0.422500,0.098955,0.036777,0.098955,10.736295
./sentinel/dataset/chop_no_firee/tile_0_1_6.tif,512,512,6,0.105600,0.943500,0.165448,0.083469,0.165448,167.651618,0.076000,1.058000,0.138808,0.092751,0.138808,190.858921,0.051100,1.070300,0.132300,0.093322,0.132300,185.623183,0.027200,1.158200,0.110374,0.109938,0.110374,273.422487,0.037200,1.216300,0.275398,0.139305,0.275398,1574.200747,0.001300,0.667500,0.093115,0.094746,0.093115,203.179474
./sentinel/dataset/chop_no_firee/tile_3_1_2.tif,512,512,6,0.112800,0.173600,0.133314,0.007596,0.133314,2.379678,0.081300,0.177100,0.106286,0.009638,0.106286,2.131755,0.055800,0.183300,0.092809,0.011727,0.092809,1.769347,0.035900,0.213000,0.072556,0.018407,0.072556,4.582097,0.033800,0.421300,0.230083,0.044223,0.230083,30.715451,0.004200,0.289100,0.087636,0.037444,0.087636,17.825323
./sentinel/dataset/chop_no_firee/tile_0_1_3.tif,512,512,6,0.129600,0.192900,0.154947,0.012123,0.154947,11.388184,0.094700,0.230900,0.125177,0.014517,0.125177,12.391350,0.069800,0.232800,0.108565,0.016464,0.108565,11.852146,0.048300,0.282400,0.090994,0.026945,0.090994,24.209186,0.046600,0.488600,0.223952,0.045234,0.223952,32.884505,0.004700,0.386400,0.106643,0.054648,0.106643,70.676241
./sentinel/dataset/chop_no_firee/tile_2_1_6.tif,512,512,6,0.113100,1.034400,0.190012,0.121800,0.190012,806.183356,0.082600,1.135500,0.165883,0.132776,0.165883,875.258430,0.057000,1.149500,0.159456,0.133326,0.159456,797.846595,0.032700,1.250700,0.142794,0.152824,0.142794,968.802080,0.036700,1.305900,0.277066,0.168632,0.277066,2682.023818,0.000300,0.604000,0.109731,0.113820,0.109731,746.748244
./sentinel/dataset/chop_no_firee/tile_3_0_3.tif,512,512,6,0.169900,0.305300,0.226065,0.029421,0.226065,168.267488,0.132900,0.286700,0.194709,0.030695,0.194709,177.703708,0.105100,0.254300,0.165116,0.027217,0.165116,129.159696,0.074900,0.229500,0.134624,0.027325,0.134624,100.560591,0.075100,0.485600,0.248929,0.035800,0.248929,11.492951,0.009000,0.304400,0.093433,0.041273,0.093433,25.516991
./sentinel/dataset/chop_no_firee/tile_1_0_7.tif,512,512,6,0.029000,1.028900,0.337269,0.143883,0.337269,1922.047950,0.032200,1.473300,0.392434,0.178365,0.392434,2551.802193,0.066600,1.615500,0.413304,0.197124,0.413304,2705.950368,0.079600,1.634900,0.407404,0.206725,0.407404,2502.772366,0.075900,1.614900,0.390737,0.191076,0.390737,1810.273054,0.027200,1.715500,0.173095,0.175838,0.173095,559.422533
